iter	RMSE
0	80549.23907
1	73867.23946
2	70867.16328
3	68990.9924
4	67644.30631
5	66434.02781
6	64741.47567
7	63967.60171
8	63278.00197
9	62192.3346
